district,block,count
NASIK,YEOLA,40545
AHMADNAGAR,JAMKHED,18607
JALNA,PARTUR,23963
AMRAVATI,NANDGAON KH,14457
AMRAVATI,AMRAVATI,20023
AKOLA,BALAPUR,22861
NAGPUR,SAONER,10231
LATUR,UDGIR,8921
NAGPUR,NARKHED,15015
AHMADNAGAR,NEVASA,31821
BULDANA,SHEGAON,16439
NANDED,HIMAYATNAGAR,30104
YEVATMAL,PUSAD,38323
YEVATMAL,DARWHA,23211
BULDANA,CHIKHLI,30807
YEVATMAL,NER,12371
AHMADNAGAR,PARNER,17560
KOLHAPUR,PANHALA,9404
NANDED,KINWAT,38962
NASIK,MALEGAON,34892
BULDANA,MOTALA,24246
BULDANA,KHAMGAON,51422
WASHIM,MANGRULPIR,48253
NANDED,LOHA,22615
BULDANA,SINDKHEDRAJA,24563
HINGOLI,SENGAON,35268
BEED,SHIRUR ( KA ),7547
AURANGABAD,KANAND,32947
HINGOLI,HINGOLI,30856
JALGAON,PAROLA,13171
BEED,PATODA,9304
DHULE,SAKRI,21749
AURANGABAD,KHULTABAD,14422
WASHIM,MALEGAON,43588
AURANGABAD,GANGAPUR,43598
CHANDRAPUR,GONDPIPRI,3597
AHMADNAGAR,SHEVGAON,21946
DHULE,DHULE,30198
NASIK,CHANDWAD,36234
JALNA,BHOKARDAN,39496
PARBHANI,PURNA,27950
BULDANA,MALKAPUR,18617
GONDIYA,AMGAON,2464
BEED,GEORAI,42562
NAGPUR,KATOL,11755
YEVATMAL,KALAMB,7053
KOLHAPUR,RADHANAGARI,3638
NANDED,BILOLI,21254
PARBHANI,MANWAT,31359
SANGLI,ATPADI,7507
BULDANA,MEHKAR,23978
JALNA,AMBAD,42253
SOLAPUR,PANDHARPUR,40469
PUNE,AMBEGAON,8223
BHANDARA,BHANDARA,6396
LATUR,NILANGA,23502
AKOLA,TELHARA,23671
YEVATMAL,MAHAGAON,44113
NAGPUR,PARSEONI,6184
AKOLA,PATUR,23229
NANDED,MOKHED,15832
YEVATMAL,MAREGAON,4269
NANDED,MAHUR,18746
JALGAON,MUKTAINAGAR,11051
JALGAON,JALGAON,15220
LATUR,AUSA,41067
AHMADNAGAR,SHRIGONDA,24130
YEVATMAL,DIGRAS,20068
JALGAON,CHALISGAON,19600
SANGLI,0,7079
PUNE,DAUND,13811
OSMANABAD,KALAMB,23465
NANDED,KANDHAR,19678
SANGLI,TASGAON,14349
PUNE,SHIRUR,18656
PARBHANI,SONPETH,10483
GONDIYA,GONDIA,4437
BEED,WADWANI,13249
JALGAON,JAMNER,26679
KOLHAPUR,SHAHUWADI,3475
WARDHA,HINGANGHAT,10370
WARDHA,KARANJA,10306
DHULE,SHINDKHEDE,13679
SOLAPUR,KARMALA,34153
WASHIM,RISOD,25212
OSMANABAD,BHOOM,13738
LATUR,RENAPUR,9646
PARBHANI,PARBHANI,31855
LATUR,CHAKUR,12902
AKOLA,AKOLA,37120
NANDED,BHOKAR,12773
JALGAON,YAWAL,5512
PUNE,INDAPUR,30588
SATARA,KOREGAON,11696
WASHIM,WASHIM,38592
AKOLA,0,7693
PARBHANI,JINTUR,47334
OSMANABAD,LOHARA,8597
AKOLA,BARSHITAKLI,31487
SOLAPUR,BARSHI,56374
NASIK,NIPHAD,32214
NASIK,NANDGAON,20972
JALGAON,ERANDOL,7528
YEVATMAL,WANI,4754
OSMANABAD,TULJAPUR,22136
SOLAPUR,AKKALKOT,28177
NASIK,BAGLAN,23482
AURANGABAD,SOEGAON,8452
WASHIM,KARANJA,36728
AMRAVATI,ANJANGAON S,23553
NASIK,NASHIK,16253
AURANGABAD,PHULAMBRI,12217
BHANDARA,PAUNI,4538
BEED,AMBAJOGAI,16936
OSMANABAD,PARANDA,28399
SOLAPUR,MADHA,42318
BULDANA,JALGAONJAMOD,20590
PUNE,JUNNAR,10816
JALGAON,DHARANGAON,10342
AHMADNAGAR,SANGAMNER,27379
WASHIM,MANORA,19092
SINDHUDURG,SAWANTWADI,644
NAGPUR,NAGPUR,6590
AHMADNAGAR,KARJAT,26431
SATARA,KHATAV,12098
PUNE,KHED,8468
JALNA,GHANSAWANGI,40915
JALGAON,BHADGAON,8590
BULDANA,LONAR,22145
LATUR,LATUR,22458
HINGOLI,BASMAT,49249
BEED,ASHTI,23469
SOLAPUR,SOLAPUR NORTH,13695
HINGOLI,KALAMNURI,29850
BEED,KAIJ,16382
AURANGABAD,VAIJAPUR,53822
SOLAPUR,SANGOLA,17558
GONDIYA,DEORI,1493
NAGPUR,UMRED,5249
AHMADNAGAR,KOPARGAON,19738
AHMADNAGAR,PATHARDI,21057
PARBHANI,SAILU,34573
AHMADNAGAR,RAHATA,11556
NAGPUR,RAMTEK,3401
KOLHAPUR,AJARA,3257
NASIK,SINNAR,27396
PARBHANI,PALAM,14766
PUNE,MULSHI,3399
JALGAON,BODWAD,9571
JALNA,JALNA,32704
OSMANABAD,OSMANABAD,34634
NANDED,MODKHED,13168
JALGAON,PACHORA,19454
THANE,MURBAD,1793
JALNA,BADNAPUR,21479
NASIK,DINDORI,17485
BHANDARA,SAKOLI,1437
PUNE,VELHE,1282
NANDED,DHARMABAD,18679
NANDED,HADGAON,53891
SATARA,KHANDALA,4299
JALGAON,AMALNER,20996
BEED,MAJALGAON,17384
SANGLI,KAVATHEMAHANKAL,7692
RAIGARH,ROHA,372
AURANGABAD,AURANGABAD,27150
OSMANABAD,OMERGA,15931
HINGOLI,AUNDHA  NAGNATH,26514
PUNE,PURANDAR,8748
SATARA,PHALTAN,10868
AURANGABAD,PAITHAN,33188
YEVATMAL,UMARKHED,34749
SATARA,SATARA,10148
LATUR,JALKOT,9514
BHANDARA,TUMSAR,4323
AMRAVATI,DARYAPUR,14589
SANGLI,PALUS,4856
LATUR,AHEMADPUR,12023
BEED,PARALI  V .,19002
PARBHANI,PATHRI,18658
AHMADNAGAR,RAHURI,20051
NANDED,NANDED,13061
AHMADNAGAR,AKOLE,24812
AHMADNAGAR,SHRIRAMPUR,11202
RAIGARH,URAN,134
WARDHA,ASHTI,7472
JALGAON,BHUSAWAL,7086
CHANDRAPUR,WARORA,11971
SANGLI,JATH,19672
SANGLI,VALVA-ISLAMPUR,10706
NANDED,UMRI,13148
BULDANA,BULDANA,22260
AMRAVATI,WARUD,10136
PUNE,MAVAL,2829
GADCHIROLI,DHANORA,1004
PARBHANI,GANGAKHED,19844
DHULE,SHIRPUR,11469
KOLHAPUR,GAGAN BAWADA,1355
AKOLA,MURTIJAPUR,14902
KOLHAPUR,KARVIR,9594
AURANGABAD,SILLOD,23659
JALNA,MANTHA,18538
KOLHAPUR,SHIROL,6530
JALNA,JAFRABAD,21339
AKOLA,AKOT,29326
YEVATMAL,KELAPUR,6527
SATARA,KARAD,12280
NAGPUR,MOUDA,4143
GADCHIROLI,SIRONCHA,484
AHMADNAGAR,NAGAR,26832
LATUR,DEONI,6474
GONDIYA,SALEKASA,1854
KOLHAPUR,KAGAL,10910
YEVATMAL,GHATANJI,14443
BEED,BEED,39409
YEVATMAL,ARNI,20388
YEVATMAL,YAVATMAL,14140
NANDURBAR,SHAHADA,4639
WARDHA,WARDHA,7655
BHANDARA,LAKHANDUR,4298
SINDHUDURG,KUDAL,819
KOLHAPUR,BHUDARGAD,3320
SANGLI,KHANAPUR-VITA,4825
NAGPUR,KALMESHWAR,5798
PUNE,BARAMATI,13197
SANGLI,KADEGAON,7043
BULDANA,NANDURA,22905
CHANDRAPUR,BRAHMAPURI,4206
GADCHIROLI,ARMORI,1573
AMRAVATI,CHANDUR BZ,14556
NAGPUR,HINGNA,5324
SOLAPUR,MANGALVEDHE,18567
AMRAVATI,BHATKULI,9393
BULDANA,DEULGAON RAJA,13052
CHANDRAPUR,JIWATI,3258
NANDED,ARDHAPUR,12162
SANGLI,MIRAJ,16569
BHANDARA,MOHADI,5168
OSMANABAD,WASHI,6536
KOLHAPUR,HATKANGALE,9780
AMRAVATI,ACHALPUR,18515
AMRAVATI,TIWSA,9073
PUNE,0,9543
GONDIYA,ARJUNI MORGAON,1569
NASIK,IGATPURI,7963
GADCHIROLI,CHAMORSHI,2600
CHANDRAPUR,CHIMUR,5978
SINDHUDURG,KANKAVALI,877
SANGLI,SHIRALA,5451
NANDED,DEGLUR,14323
AMRAVATI,DHARNI,1478
BHANDARA,LAKHANI,4380
AMRAVATI,MORSHI,16999
AMRAVATI,DHAMANGAON RIL,9617
JALGAON,RAVER,4809
NANDED,NAIGAON (KH),13132
SATARA,WAI,5054
BULDANA,SANGRAMPUR,15552
NASIK,KALWAN,8875
CHANDRAPUR,SAOLI,1364
RAIGARH,KARJAT,206
NAGPUR,KUHI,6555
NANDURBAR,TALODA,704
YEVATMAL,BABHULGAON,6719
SOLAPUR,MOHOL,34356
CHANDRAPUR,SINDEWAHI,2245
NANDURBAR,NANDURBAR,6518
PUNE,HAVELI,8572
SINDHUDURG,VENGURLA,525
NAGPUR,BHIVAPUR,3871
KOLHAPUR,GADHINGLAJ,3960
NASIK,0,17410
GONDIYA,TIRORA,2494
GONDIYA,SADAK ARJUNI,1524
CHANDRAPUR,CHANDRAPUR,3577
THANE,SHAHAPUR,1414
RAIGARH,MANGAON,411
KOLHAPUR,CHANDGAD,4531
GADCHIROLI,GADCHIROLI,2414
AMRAVATI,CHANDUR RIL,9029
JALGAON,CHOPDA,10285
PALGHAR,PALGHAR,760
RATNAGIRI,GUHAGAR,462
YEVATMAL,ZARI JAMNI,3211
NASIK,DEOLA,16567
PUNE,BHOR,5438
THANE,THANE,1042
SOLAPUR,MALSHIRAS,25292
RAIGARH,4526,367
WARDHA,ARVI,8988
SATARA,MAN,6553
AHMADNAGAR,0,68020
YEVATMAL,RALEGAON,7156
RATNAGIRI,DAPOLI,649
CHANDRAPUR,BHADRAWATI,3101
CHANDRAPUR,NAGBHID,2529
AURANGABAD,0,43373
WARDHA,SAMUDRAPUR,6277
CHANDRAPUR,KORPANA,4074
CHANDRAPUR,BALLARPUR,2121
SATARA,PATAN,3871
SOLAPUR,SOUTH  SOLAPUR,13874
THANE,TALASARI,95
WARDHA,DEOLI,11488
WARDHA,SELOO,3927
NAGPUR,KAMPTEE,2743
CHANDRAPUR,POMBHURNA,1578
0,0,7857
THANE,PALGHAR,749
GADCHIROLI,DESAIGANJ (WADSA),633
BEED,DHARUR,11156
LATUR,SHIRUR ANANTPAL,5160
CHANDRAPUR,RAJURA,4168
THANE,AMBERNATH,842
MUMBAI,MUMBAI,3589
GONDIYA,0,3479
GADCHIROLI,KURKHEDA,718
NANDURBAR,NAVAPUR,764
NASIK,TRIMBAK,2709
RATNAGIRI,LANJA,530
CHANDRAPUR,MUL,1730
THANE,BHIWANDI,1797
CHANDRAPUR,0,2466
YEVATMAL,0,10569
GADCHIROLI,BHAMARAGAD,302
HINGOLI,0,6739
NASIK,PETH,1027
NASIK,SURGANA,2990
PUNE,PUNE CITY,2804
RAIGARH,POLADPUR,93
SINDHUDURG,DEOGAD,675
RAIGARH,ALIBAG,841
RATNAGIRI,RATNAGIRI,988
RAIGARH,PEN,482
THANE,MOKHADA,222
PALGHAR,WADA,184
SATARA,JAWALI,2568
RAIGARH,MHASALA,137
GONDIYA,GOREGAON,1544
BULDANA,0,42893
RATNAGIRI,MANDANGAD,527
NANDURBAR,AKARANI,516
SATARA,MAHABALESHWAR,522
THANE,DAHANU,524
SINDHUDURG,VAIBHAVAWADI,261
JALGAON,0,12374
AMRAVATI,CHIKHALDARA,1131
AMRAVATI,0,10820
RATNAGIRI,SANGMESHWAR,476
BEED,0,35941
RAIGARH,PANVEL,418
BHANDARA,0,2311
RATNAGIRI,KHED,469
SOLAPUR,0,12493
RAIGARH,KHALAPUR,379
GADCHIROLI,MULCHERA,689
RAIGARH,TALA,97
RAIGARH,SUDHAGAD,178
PALGHAR,VASAI,187
GADCHIROLI,AHERI,597
PALGHAR,VIKRAMGAD,147
RAIGARH,MURUD,126
RATNAGIRI,CHIPALUN,748
RAIGARH,SHRIVARDHAN,101
RAIGARH,MAHAD,400
GADCHIROLI,KORCHI,113
THANE,VASAI,335
JALNA,0,12050
WASHIM,0,7493
GADCHIROLI,ETAPALLI,95
THANE,VIKRAMGAD,101
WASHIM,9999,93
MUMBAI,0,1392
WARDHA,0,3548
NANDURBAR,0,1240
OSMANABAD,0,7675
LATUR,0,6859
SINDHUDURG,0,600
RAIGARH,0,1436
PARBHANI,0,11014
THANE,0,1174
SATARA,0,6382
RATNAGIRI,RAJAPUR,738
NANDURBAR,AKKALKUWA,707
KOLHAPUR,0,5254
DHULE,0,4319
NANDED,0,13385
GADCHIROLI,0,705
RATNAGIRI,0,517
NAGPUR,0,5327
THANE,WADA,311
NANDED,SAONER,1
9999,0,2754
YEVATMAL,BHOR,1
SINDHUDURG,DODAMARG,431
PALGHAR,0,147
Mumbai Suburban,ANDHERI,119
THANE,KALYAN,975
SINDHUDURG,MALVAN,555
THANE,JAVHAR,216
PALGHAR,DAHANU,242
NANDED,HINGNA,2
PALGHAR,JAVHAR,59
Mumbai Suburban,0,38
Mumbai Suburban,BORIVALI,140
Mumbai Suburban,KURLA,45
THANE,ULHASNAGAR,53
AURANGABAD,BHATKULI,1
AKOLA,AKOLE,2
AHMADNAGAR,BODWAD,3
BULDANA,BIHPUR,2
null,9999,52
PUNE,SAILU,1
SATARA,null,1
LATUR,KHANDALA,1
JALNA,AMALNER,4
OSMANABAD,SURGANA,1
PALGHAR,MOKHADA,32
BULDANA,PUSAD,1
HINGOLI,KALAMB,2
AMRAVATI,NAGAR,1
WARDHA,MANGRULPIR,1
PUNE,JINTUR,2
AURANGABAD,BILOLI,1
AURANGABAD,CHIKHALDARA,2
AURANGABAD,NEVASA,1
PALGHAR,TALASARI,33
BHANDARA,null,1
MUMBAI,null,3
JALNA,null,2
AURANGABAD,null,4
OSMANABAD,Tuljapur,10
OSMANABAD,Washi,9
OSMANABAD,Dharashiv,20
OSMANABAD,Kalamb,17
OSMANABAD,Omerga,11
OSMANABAD,Paranda,7
BEED,Georai,35
BEED,Ashti,19
BEED,Parali V .,3
BEED,Beed,18
BEED,Ambajogai,12
BEED,Vaijapur,3
BEED,NA,4
BEED,Kaij,8
BEED,Khultabad,5
BEED,Sindewahi,6
NANDED,Kinwat,43
PARBHANI,Purna,26
PARBHANI,Jintur,38
PARBHANI,Manwat,36
PARBHANI,Sailu,39
PARBHANI,Pathri,22
PARBHANI,Palam,13
PARBHANI,Sonpeth,7
PARBHANI,Parbhani,12
PARBHANI,Tala,5
PARBHANI,Gangakhed,19
AURANGABAD,Sillod,17
AURANGABAD,Vaijapur,28
JALNA,Jalna,37
JALNA,Badnapur,25
JALNA,Mantha,17
JALNA,Bhokardan,24
JALNA,Ambad,28
JALNA,Ghansawangi,25
SOLAPUR,Akkalkot,23
SOLAPUR,Malshiras,25
SOLAPUR,Mangalvedhe,14
SOLAPUR,Madha,26
SOLAPUR,Pandharpur,10
SOLAPUR,South Solapur,18
SOLAPUR,Barshi,44
SOLAPUR,NA,6
SOLAPUR,Karmala,17
SOLAPUR,Mohol,15
AURANGABAD,Gangapur,51
AURANGABAD,Chhatrapati Sambhajinagar,10
AURANGABAD,Paithan,17
AURANGABAD,Khultabad,8
AURANGABAD,Kanand,6
AURANGABAD,Phulambri,14
AURANGABAD,NA,3
JALNA,Jafrabad,13
JALNA,Partur,10
JALNA,NA,11
JALNA,Bhivapur,4
JALNA,Renapur,3
WARDHA,Wardha,7
WARDHA,Arvi,11
WARDHA,Karanja,10
WARDHA,Deoli,17
WARDHA,NA,2
NAGPUR,Saoner,8
NAGPUR,Kuhi,8
NAGPUR,Mouda,3
NAGPUR,Narkhed,12
NAGPUR,Katol,21
NAGPUR,Parseoni,11
NAGPUR,Umred,12
NAGPUR,Kamptee,1
NAGPUR,Bhivapur,4
NAGPUR,NA,6
BHANDARA,Lakhani,3
BHANDARA,Tumsar,4
BHANDARA,Pauni,4
BHANDARA,Mohadi,18
BHANDARA,Lakhandur,2
AKOLA,null,3
BULDANA,Jalgaonjamod,22
BULDANA,Lonar,18
BULDANA,Khamgaon,31
BULDANA,Sindkhedraja,18
BULDANA,Chikhli,17
BULDANA,D. Raja,5
BULDANA,Motala,28
BULDANA,Nandura,33
BULDANA,Shegaon,15
BULDANA,Mehkar,23
BULDANA,Malkapur,37
BULDANA,Buldana,19
BULDANA,NA,9
AKOLA,Akola,34
AKOLA,Balapur,20
AKOLA,Patur,29
AKOLA,Barshitakli,26
AKOLA,NA,27
NANDED,Hadgaon,41
NANDED,Mahur,37
NANDED,Deglur,34
NANDED,Himayatnagar,29
NANDED,Biloli,16
NANDED,Bhokar,13
NANDED,Dharmabad,14
NANDED,Nanded,12
NANDED,Kandhar,12
NANDED,Naigaon (Kh),27
NANDED,Loha,8
LATUR,Nilanga,22
LATUR,Latur,14
LATUR,Shirur Anantpal,3
LATUR,Ausa,36
AKOLA,Akot,10
AKOLA,Murtijapur,16
AKOLA,Telhara,12
AMRAVATI,Daryapur,2
AMRAVATI,Morshi,21
AMRAVATI,Chandur Bz,8
AMRAVATI,Achalpur,20
AMRAVATI,Chandur Ril,20
AMRAVATI,Amravati,6
AMRAVATI,Warud,16
AMRAVATI,Anjangaon S,18
AMRAVATI,Dhamangaon Ril,5
AMRAVATI,NA,9
AMRAVATI,Nandgaon Kh,9
AMRAVATI,Bhatkuli,9
CHANDRAPUR,Nagbhid,2
CHANDRAPUR,Chimur,12
CHANDRAPUR,Jiwati,11
NANDED,Modkhed,6
NANDED,Ardhapur,6
NANDED,Mokhed,11
NANDED,NA,15
NANDED,Umri,15
LATUR,Jalkot,12
LATUR,Deoni,4
LATUR,Chakur,11
LATUR,Ahemadpur,10
AHMADNAGAR,null,13
NASIK,Deola,6
NASIK,Nandgaon,15
NASIK,Malegaon,28
NASIK,Sinnar,42
NASIK,Yeola,34
NASIK,Dindori,10
NASIK,Chandwad,30
NASIK,Nashik,9
NASIK,Niphad,7
NASIK,NA,4
NASIK,Igatpuri,1
KOLHAPUR,null,11
JALGAON,Muktainagar,3
JALGAON,Jamner,18
JALGAON,Jalgaon,10
JALGAON,Pachora,14
JALGAON,Raver,3
JALGAON,Chalisgaon,18
JALGAON,Bodwad,6
JALGAON,Dharangaon,16
JALGAON,Parola,15
JALGAON,Amalner,22
JALGAON,Erandol,10
JALGAON,Yawal,2
JALGAON,NA,2
PUNE,Khed,18
PUNE,Baramati,20
PUNE,Indapur,9
PUNE,Purandar,4
PUNE,Shirur,49
PUNE,NA,1
PUNE,Daund,9
PUNE,Ambegaon,10
AHMADNAGAR,Nevasa,16
AHMADNAGAR,Kopargaon,14
AHMADNAGAR,Sangamner,25
AHMADNAGAR,Jamkhed,5
AHMADNAGAR,Shevgaon,14
AHMADNAGAR,Shrigonda,18
AHMADNAGAR,Pathardi,37
AHMADNAGAR,Akole,13
AHMADNAGAR,Rahuri,12
AHMADNAGAR,Parner,11
AHMADNAGAR,Rahata,6
AHMADNAGAR,Ahilyanagar,25
AHMADNAGAR,Shrirampur,23
AHMADNAGAR,NA,34
AHMADNAGAR,Karjat,14
SATARA,Khatav,15
SATARA,Patan,11
SATARA,Karad,10
SATARA,Koregaon,4
SATARA,Wai,4
SATARA,Jawali,4
SATARA,Phaltan,5
SANGLI,Valva-Islampur,15
SANGLI,Tasgaon,20
SANGLI,Miraj,8
SINDHUDURG,Vengurla,2
SANGLI,Kavathemahankal,16
SANGLI,Jath,4
SANGLI,Shirala,16
SANGLI,Atpadi,6
NASIK,Kalwan,4
DHULE,Shirpur,27
DHULE,Sakri,20
DHULE,Dhule,5
DHULE,Shindkhede,8
PUNE,Junnar,6
KOLHAPUR,Chandgad,44
KOLHAPUR,Kagal,10
KOLHAPUR,Hatkanangale,7
KOLHAPUR,Karveer,8
KOLHAPUR,Shirol,10
KOLHAPUR,NA,3
KOLHAPUR,Radhanagari,1
KOLHAPUR,Panhala,5
SANGLI,Khanapur-Vita,9
SINDHUDURG,Sawantwadi,6
SINDHUDURG,Vaibhavawadi,1
HINGOLI,Hingoli,20
HINGOLI,Kalamnuri,18
HINGOLI,Basmat,24
HINGOLI,Aundha Nagnath,21
HINGOLI,Sengaon,36
HINGOLI,NA,2
HINGOLI,Ajara,1
HINGOLI,,7
YEVATMAL,Mahagaon,24
YEVATMAL,Pusad,33
YEVATMAL,Ner,14
YEVATMAL,Yavatmal,4
YEVATMAL,Kelapur,4
YEVATMAL,Umarkhed,15
YEVATMAL,Kalamb,13
YEVATMAL,Arni,28
YEVATMAL,Digras,34
YEVATMAL,Darwha,26
YEVATMAL,Ralegaon,10
YEVATMAL,Ghatanji,11
YEVATMAL,Zari Jamni,4
WASHIM,Malegaon,32
WASHIM,Risod,27
WASHIM,Mangrulpir,41
WASHIM,Washim,26
WASHIM,Karanja,38
WASHIM,Manora,23
WASHIM,,3
NANDURBAR,Nandurbar,9
NANDURBAR,Gangakhed,2
GONDIYA,Sadak Arjuni,6
GONDIYA,Amgaon,8
GONDIYA,Gondia,5
PALGHAR,Mangaon,1
NANDURBAR,Navapur,1
NANDURBAR,Akkalkuwa,5
MUMBAI,NA,13
GADCHIROLI,Mulchera,1
RATNAGIRI,Rajapur,2
THANE,Shahapur,3
THANE,Murbad,7
Mumbai Suburban,NA,3
LATUR,AMBAD,1
OSMANABAD,LONAR,1
JALNA,JALGAON,1
WASHIM,ARNI,1
WASHIM,JATH,1
SOLAPUR,MALVAN,2
BULDANA,MOHOL,3
BULDANA,BHANDARA,1
HINGOLI,AHERI,2
PARBHANI,KARANJA,2
THANE,null,1
PUNE,null,3
NAGPUR,null,7
JALGAON,Chopda,5
JALGAON,,2
SOLAPUR,Solapur North,6
SOLAPUR,Sangola,8
SOLAPUR,Kalamb,4
PARBHANI,Dapoli,2
PARBHANI,NA,3
KOLHAPUR,Shahuwadi,2
RATNAGIRI,Dapoli,2
NASIK,,1
THANE,Kalyan,3
GONDIYA,null,1
MUMBAI,7875,1
GONDIYA,Goregaon,7
PALGHAR,Dahanu,5
NANDED,null,3
LATUR,null,5
AMRAVATI,null,3
NASIK,Baglan,7
NASIK,Baramati,3
HINGOLI,null,1
AMRAVATI,Tiwsa,4
AMRAVATI,Jalgaonjamod,2
CHANDRAPUR,null,2
CHANDRAPUR,Warora,22
CHANDRAPUR,Brahmapuri,3
CHANDRAPUR,Korpana,2
GADCHIROLI,Gadchiroli,3
GADCHIROLI,Desaiganj (Wadsa),3
YEVATMAL,NA,4
HINGOLI,Partur,1
OSMANABAD,Bhoom,5
OSMANABAD,Lohara,7
BEED,Shirur ( Ka ),2
BEED,Patoda,4
BEED,,4
BEED,Dharur,3
BEED,Majalgaon,6
DHULE,NA,1
DHULE,,1
PUNE,Haveli,3
BULDANA,,3
AHMADNAGAR,,5
SATARA,Man,6
JALGAON,null,4
WARDHA,Hinganghat,2
WARDHA,Ashti,3
WARDHA,,2
LATUR,Renapur,2
LATUR,Udgir,2
BULDANA,Sangrampur,7
NAGPUR,Nagpur,5
NAGPUR,Ramtek,4
BHANDARA,Sakoli,3
RAIGARH,NA,1
SATARA,KAVATHEMAHANKAL,3
NASIK,NAVAPUR,1
AHMADNAGAR,GHANSAWANGI,3
PARBHANI,WADA,1
JALNA,BHADGAON,1
SOLAPUR,BHIWANDI,1
NASIK,KUHI,1
BHANDARA,DHARUR,1
AMRAVATI,AKOT,1
NANDURBAR,null,2
WASHIM,null,1
AURANGABAD,Soegaon,2
BEED,Wadwani,8
LATUR,NA,1
BHANDARA,Bhandara,5
BHANDARA,NA,2
CHANDRAPUR,Rajura,3
CHANDRAPUR,,2
CHANDRAPUR,Gondpipri,3
PALGHAR,Palghar,2
GONDIYA,Salekasa,2
GADCHIROLI,null,1
GADCHIROLI,Dhanora,3
YEVATMAL,,2
YEVATMAL,Babhulgaon,1
JALGAON,Bhadgaon,3
SOLAPUR,null,2
KOLHAPUR,Gadhinglaj,4
NASIK,null,2
DHULE,null,1
PUNE,Maval,2
AHMADNAGAR,7894,1
SATARA,NA,1
SATARA,Satara,4
RATNAGIRI,null,2
RATNAGIRI,Lanja,1
SANGLI,Kadegaon,2
NASIK,KALMESHWAR,1
NASIK,NAGPUR,1
PUNE,PATHRI,1
NANDED,DEONI,1
AKOLA,KALAMB,2
OSMANABAD,PARTUR,2
OSMANABAD,GANGAKHED,1
JALNA,GAGAN BAWADA,1
DHULE,AKOLE,1
GONDIYA,KORCHI,1
SANGLI,JAWALI,1
CHANDRAPUR,BADCHANA,1
PUNE,PURNA,1
AURANGABAD,WARUD,1
BULDANA,GEORAI,1
JALGAON,AMRAVATI,1
JALGAON,AKOLE,1
HINGOLI,AURANGABAD,1
BULDANA,AMBAJOGAI,1
NASIK,ARDHAPUR,1
PALGHAR,null,2
RAIGARH,null,2
SOLAPUR,,2
JALGAON,Bhusawal,3
PUNE,Pune City,2
Mumbai Suburban,null,1
Mumbai Suburban,4441,1
NASIK,Trimbak,1
SINDHUDURG,Kankavali,1
DHULE,Bhadgaon,1
RATNAGIRI,Sangmeshwar,1
RAIGARH,Pen,1
NAGPUR,Hingna,3
YEVATMAL,null,2
PALGHAR,Mokhada,1
CHANDRAPUR,Bhadrawati,1
GADCHIROLI,Chamorshi,2
GONDIYA,Tirora,3
BULDANA,Shindkhede,1
WARDHA,Samudrapur,2
AKOLA,Chikhli,1
LATUR,,1
JALNA,DHARANGAON,1
PUNE,MANWAT,1
YEVATMAL,KHULTABAD,1
BULDANA,LAKHANI,1
BHAVNAGAR,0,1
AMRAVATI,AKOLA,1
KOLHAPUR,JATH,1
AHMADNAGAR,SOEGAON,1
JALNA,MUKTAINAGAR,1
AKOLA,TIWSA,1
AURANGABAD,ACHALPUR,1
AKOLA,,1
YEVATMAL,Wani,1
YEVATMAL,Keirao CD Block,2
BULDANA,null,1
SANGLI,null,1
SANGLI,Palus,2
CHANDRAPUR,Saoli,1
OSMANABAD,null,1
BEED,null,1
SATARA,Mahabaleshwar,1
SATARA,Khandala,1
PUNE,Mulshi,1
KOLHAPUR,Bhudargad,1
